still,label,age,sex,top,chin,feet,heads,note
omoide050,Toshio,adult,m,269.0,385.0,995.0,6.26,walking toward camera; tall hair
omoide050,Taeko,adult,f,322.0,420.0,990.0,6.82,hat: head top estimated
omoide050,girl_left,child,f,595.0,655.0,970.0,6.25,~10 y.o.
majo006,Kiki,teen,f,62.0,240.0,1010.0,5.33,"13 y.o.; frontal, level"
chihiro002,Chihiro,child,f,130.0,298.0,990.0,5.12,10 y.o.; frontal
omoide045,mother,adult,f,190.0,325.0,955.0,5.67,"walking toward camera, low angle"
omoide045,schoolgirl_l,teen,f,238.0,330.0,695.0,4.97,middle school uniform
omoide045,schoolgirl_r,teen,f,245.0,335.0,710.0,5.17,middle school uniform
omoide045,bg_man,adult,m,358.0,385.0,515.0,5.81,"background, small: low precision"
omoide007,man_bag,adult,m,518.0,570.0,897.0,7.29,"background, side view, mid-stride (standing would be taller)"
omoide007,man_suit,adult,m,470.0,540.0,925.0,6.5,"background, 3/4 view"
omoide010,bg_man_platform,adult,m,465.0,485.0,595.0,6.5,"background, tiny: low precision"
omoide010,bg_woman_pink,adult,f,480.0,500.0,590.0,5.5,"background, tiny: low precision"
