still,label,kind,box,lit,shade,share_lit,share_shade,dhue,sat_ratio,val_ratio,dL,da,db
majo006,Kiki,skin,900 120 1060 265,#debead,#ad8177,0.52,0.07,-10.3,1.408,0.778,-21.5,7.0,-0.9
majo006,Kiki_legs,skin,900 820 1030 980,#dec1ad,#c1988f,0.523,0.102,-13.6,1.17,0.869,-13.6,6.7,-3.2
majo006,Kiki_dress,cloth,850 280 1100 800,#28293e,#191d2b,0.392,0.251,-8.3,1.165,0.691,-6.6,-2.5,3.2
chihiro002,Chihiro,skin,1160 190 1290 305,#ecc6a3,#cba48b,0.5,0.104,-5.1,1.017,0.859,-12.0,2.1,-4.1
chihiro002,Chihiro_legs,skin,1170 670 1290 880,#ecc5a2,#c5a286,0.291,0.22,-1.3,1.01,0.833,-12.9,-0.4,-3.4
chihiro002,Chihiro_shirt,cloth,1130 300 1330 650,#e9eadc,#bec4bd,0.356,0.117,46.6,0.568,0.836,-13.8,-0.3,-4.0
chihiro002,Chihiro_shorts,cloth,1160 640 1300 670,#e9e9db,#bfc0b3,0.121,0.203,1.0,1.139,0.822,-14.8,0.2,-0.1
omoide050,Toshio,skin,1020 300 1110 400,#cca17e,#ae846e,0.395,0.211,-6.0,0.976,0.854,-10.8,1.8,-5.6
omoide050,Toshio_shirt,cloth,980 380 1200 570,#e2b768,#c69141,0.465,0.108,-2.7,1.24,0.877,-12.7,5.6,3.1
omoide050,Toshio_trousers,cloth,1010 590 1150 950,#dfdcce,#c3c5bf,0.583,0.244,35.2,0.413,0.883,-8.3,-0.8,-4.3
omoide050,Taeko,skin,840 360 920 435,#dbb59f,#b28d7d,0.601,0.088,-3.8,1.09,0.813,-15.0,1.2,-2.4
omoide050,Taeko_trousers,cloth,820 590 960 950,#d7d3c1,#b1b3ad,0.608,0.193,34.1,0.335,0.833,-11.8,-0.2,-6.5
omoide045,mother,skin,400 230 510 330,#ddb1a0,#bd8d7a,0.49,0.146,1.4,1.289,0.854,-12.8,1.6,3.0
omoide045,mother_blouse,cloth,310 300 560 550,#dac4ab,#cfa692,0.472,0.302,-11.5,1.36,0.949,-8.9,8.1,0.9
omoide045,mother_skirt,cloth,360 550 560 760,#a47b62,#776644,0.114,0.116,17.5,1.053,0.723,-11.0,-11.0,1.6
omoide045,girl_skirt,cloth,920 600 1070 760,#cb433c,#a93730,0.494,0.239,0.6,1.016,0.832,-8.0,-7.2,-4.0
kazetachinu022,Jiro_suit,cloth,1100 330 1590 1030,#d9d3de,#9c9fa7,0.399,0.308,-45.2,1.273,0.751,-19.8,-3.3,0.4
kokurikozaka037,Shun,skin,840 190 950 330,#d9b693,#b98f6d,0.043,0.647,-3.2,1.269,0.853,-13.7,3.6,1.5
kokurikozaka037,Shun_jacket,cloth,640 330 980 950,#4c6977,#334f5d,0.098,0.478,1.0,1.232,0.78,-10.8,0.8,-0.3
kokurikozaka037,Umi,skin,1080 250 1200 440,#e2bfa1,#c19a77,0.049,0.526,0.3,1.346,0.857,-13.3,2.0,4.2
kokurikozaka037,Umi_blouse,cloth,1010 490 1290 870,#e7e0cf,#c0b8ab,0.087,0.543,-4.9,1.06,0.829,-14.3,0.9,-1.4
kokurikozaka037,Umi_skirt,cloth,1040 870 1280 1030,#334f65,#253949,0.107,0.639,-0.7,1.01,0.722,-9.2,0.4,3.9
totoro002,Satsuki_skirt,cloth,1200 560 1480 720,#af694c,#7d583b,0.48,0.051,9.3,0.939,0.711,-11.0,-13.7,-5.0
totoro002,Mei_dress,cloth,650 540 900 750,#b79a84,#726b5f,0.076,0.169,10.5,0.605,0.626,-20.0,-6.4,-7.7
majo015,policeman,skin,1140 200 1330 390,#e6c7af,#bd9d8e,0.265,0.285,-6.4,1.043,0.82,-15.1,2.0,-3.6
majo015,police_shirt,cloth,1200 330 1500 820,#d5be80,#b09050,0.27,0.247,-3.7,1.357,0.823,-16.3,4.4,3.5
majo015,police_trousers,cloth,1200 820 1480 1030,#393d5b,#172432,0.429,0.366,-21.6,1.478,0.552,-13.2,-7.2,7.1
majo022,Kiki_back_dress,cloth,60 440 300 1000,#2a2c41,#1b1e2d,0.14,0.603,-6.6,1.18,0.699,-7.0,-2.1,2.8
omoide010,man_shirt,cloth,180 290 340 520,#e2ddca,#c8bfab,0.647,0.181,-6.3,1.334,0.885,-10.4,1.4,1.1
